ticker,name,weight,shares
NVDA,NVIDIA CORP,8.065936,288924404.0
AAPL,APPLE INC,7.514951,175203823.0
MSFT,MICROSOFT CORP,5.613785,88611848.0
AMZN,AMAZON.COM INC,3.733477,116777303.0
GOOGL,ALPHABET INC CL A,3.09227,69949137.0
AVGO,BROADCOM INC,2.496656,56480839.0
GOOG,ALPHABET INC CL C,2.466308,56381980.0
META,META PLATFORMS INC CLASS A,2.274996,26196681.0
MU,MICRON TECHNOLOGY INC,1.67364,13452175.0
TSLA,TESLA INC,1.565225,33581929.0
JPM,JPMORGAN CHASE + CO,1.421031,31962441.0
BRK.B,BERKSHIRE HATHAWAY INC CL B,1.417323,21868938.0
LLY,ELI LILLY + CO,1.384076,9436020.0
AMD,ADVANCED MICRO DEVICES,1.349402,19450037.0
XOM,EXXONMOBIL HOLDINGS CORP,1.027377,49439128.0
JNJ,JOHNSON + JOHNSON,0.987484,28711750.0
V,VISA INC CLASS A SHARES,0.932002,19794507.0
INTC,INTEL CORP,0.815696,58904242.0
WMT,WALMART INC,0.710697,52287863.0
ABBV,ABBVIE INC,0.708077,21071272.0
MA,MASTERCARD INC   A,0.692922,9623258.0
CSCO,CISCO SYSTEMS INC,0.660973,47107721.0
PLTR,PALANTIR TECHNOLOGIES INC A,0.614196,27381042.0
COST,COSTCO WHOLESALE CORP,0.601999,5291024.0
CVX,CHEVRON CORP,0.601198,22326007.0
BAC,BANK OF AMERICA CORP,0.576587,77864271.0
CAT,CATERPILLAR INC,0.558288,5492785.0
MRK,MERCK + CO. INC.,0.551816,29463308.0
PG,PROCTER + GAMBLE CO/THE,0.521461,27767063.0
KO,COCA COLA CO/THE,0.517525,46174251.0
UNH,UNITEDHEALTH GROUP INC,0.517196,10829999.0
LRCX,LAM RESEARCH CORP,0.511401,14919571.0
AMAT,APPLIED MATERIALS INC,0.503033,9468712.0
GE,GENERAL ELECTRIC,0.496433,12442628.0
NFLX,NETFLIX INC,0.481282,50210418.0
PANW,PALO ALTO NETWORKS INC,0.46165,9670728.0
HD,HOME DEPOT INC,0.457288,11876749.0
PM,PHILIP MORRIS INTERNATIONAL,0.45058,18585296.0
GS,GOLDMAN SACHS GROUP INC,0.425972,3517495.0
WFC,WELLS FARGO + CO,0.403545,36489619.0
RTX,RTX CORP,0.395717,16064272.0
ORCL,ORACLE CORP,0.388108,20249003.0
CRWD,CROWDSTRIKE HOLDINGS INC   A,0.379775,12144203.0
GEV,GE VERNOVA INC,0.377475,3206469.0
TMO,THERMO FISHER SCIENTIFIC INC,0.37139,4432419.0
MS,MORGAN STANLEY,0.37025,14293401.0
SNDK,SANDISK CORP,0.3631,1767117.0
TXN,TEXAS INSTRUMENTS INC,0.356663,10855492.0
C,CITIGROUP INC,0.343477,20336397.0
IBM,INTL BUSINESS MACHINES CORP,0.339096,11205967.0
KLAC,KLA CORP,0.335123,15581746.0
LIN,LINDE PLC,0.321663,5512234.0
MRVL,MARVELL TECHNOLOGY INC,0.319854,10437923.0
ANET,ARISTA NETWORKS INC,0.312735,12314450.0
AMGN,AMGEN INC,0.311239,6438862.0
VZ,VERIZON COMMUNICATIONS INC,0.306329,49798725.0
QCOM,QUALCOMM INC,0.301888,12568931.0
CRM,SALESFORCE INC,0.301505,9754484.0
APH,AMPHENOL CORP CL A,0.292706,29344617.0
GILD,GILEAD SCIENCES INC,0.284335,14805276.0
DIS,WALT DISNEY CO/THE,0.277678,20708730.0
PEP,PEPSICO INC,0.277295,16300028.0
STX,SEAGATE TECHNOLOGY HOLDINGS,0.273262,2673254.0
ABT,ABBOTT LABORATORIES,0.270292,20773118.0
ADI,ANALOG DEVICES INC,0.268727,5821993.0
MCD,MCDONALD S CORP,0.267993,8473807.0
T,AT+T INC,0.267761,82857566.0
DE,DEERE + CO,0.261407,2995541.0
SCHW,SCHWAB (CHARLES) CORP,0.259625,19495633.0
DELL,DELL TECHNOLOGIES  C,0.258304,3449106.0
NEE,NEXTERA ENERGY INC,0.257268,24868485.0
UNP,UNION PACIFIC CORP,0.254548,7079936.0
AXP,AMERICAN EXPRESS CO,0.25137,6346908.0
WELL,WELLTOWER INC,0.248827,8417252.0
COP,CONOCOPHILLIPS,0.246263,14526937.0
ETN,EATON CORP PLC,0.241318,4630480.0
PFE,PFIZER INC,0.238986,67933235.0
BA,BOEING CO/THE,0.235725,9401258.0
BLK,BLACKROCK INC,0.230908,1721320.0
WDC,WESTERN DIGITAL CORP,0.221654,4108574.0
UBER,UBER TECHNOLOGIES INC,0.218943,24272595.0
NOW,SERVICENOW INC,0.216696,12295375.0
TJX,TJX COMPANIES INC,0.2124,13186826.0
ISRG,INTUITIVE SURGICAL INC,0.206055,4221050.0
DHR,DANAHER CORP,0.203029,7506658.0
NEM,NEWMONT CORP,0.201417,12722062.0
BKNG,BOOKING HOLDINGS INC,0.200536,9239835.0
VRTX,VERTEX PHARMACEUTICALS INC,0.198775,3024633.0
BMY,BRISTOL MYERS SQUIBB CO,0.194647,24336510.0
PLD,PROLOGIS INC,0.194402,11298906.0
PGR,PROGRESSIVE CORP,0.191699,6963550.0
COF,CAPITAL ONE FINANCIAL CORP,0.190792,7419417.0
CB,CHUBB LTD,0.18705,4298402.0
MPC,MARATHON PETROLEUM CORP,0.186796,3478117.0
SPGI,S+P GLOBAL INC,0.185833,3613017.0
VLO,VALERO ENERGY CORP,0.185736,3537424.0
MDT,MEDTRONIC PLC,0.180644,15299022.0
ACN,ACCENTURE PLC CL A,0.177175,7315327.0
PH,PARKER HANNIFIN CORP,0.176964,1502642.0
MO,ALTRIA GROUP INC,0.17651,19896792.0
GLW,CORNING INC,0.175585,9333840.0
CVS,CVS HEALTH CORP,0.174693,15204793.0
SBUX,STARBUCKS CORP,0.167104,13581369.0
PSX,PHILLIPS 66,0.167092,4787630.0
LMT,LOCKHEED MARTIN CORP,0.165712,2419622.0
ADP,AUTOMATIC DATA PROCESSING,0.165043,4763144.0
LOW,LOWE S COS INC,0.16496,6674189.0
FTNT,FORTINET INC,0.162947,7418287.0
MCK,MCKESSON CORP,0.160377,1432583.0
BNY,BANK OF NEW YORK MELLON CORP,0.15929,8178757.0
ADBE,ADOBE INC,0.154866,4815577.0
FCX,FREEPORT MCMORAN INC,0.154805,17166958.0
EQIX,EQUINIX INC,0.153639,1176597.0
CME,CME GROUP INC,0.148967,4316460.0
SO,SOUTHERN CO/THE,0.148312,13430864.0
SYK,STRYKER CORP,0.146582,4111193.0
TT,TRANE TECHNOLOGIES PLC,0.141894,2633485.0
USB,US BANCORP,0.141819,18493795.0
PNC,PNC FINANCIAL SERVICES GROUP,0.141295,4784852.0
BX,BLACKSTONE INC,0.141283,8851272.0
VRT,VERTIV HOLDINGS CO A,0.140907,4584372.0
PWR,QUANTA SERVICES INC,0.140289,1787757.0
DUK,DUKE ENERGY CORP,0.140118,9287036.0
GD,GENERAL DYNAMICS CORP,0.137315,3030932.0
HWM,HOWMET AEROSPACE INC,0.136988,4767406.0
ELV,ELEVANCE HEALTH INC,0.136732,2593242.0
CSX,CSX CORP,0.13528,22189377.0
WMB,WILLIAMS COS INC,0.13325,14579046.0
ICE,INTERCONTINENTAL EXCHANGE IN,0.131776,6753698.0
HOOD,ROBINHOOD MARKETS INC   A,0.131728,9425048.0
INTU,INTUIT INC,0.131611,3302297.0
APP,APPLOVIN CORP CLASS A,0.131507,3212785.0
JCI,JOHNSON CONTROLS INTERNATION,0.130814,7286150.0
MMM,3M CO,0.130566,6228129.0
MRSH,MARSH + MCLENNAN COS,0.127837,5753204.0
CEG,CONSTELLATION ENERGY,0.127684,3817333.0
EMR,EMERSON ELECTRIC CO,0.125494,6689156.0
AMT,AMERICAN TOWER CORP,0.124328,5563419.0
CMCSA,COMCAST CORP CLASS A,0.12406,42545426.0
HPE,HEWLETT PACKARD ENTERPRISE,0.123059,15839647.0
TRV,TRAVELERS COS INC/THE,0.122644,2539189.0
MDLZ,MONDELEZ INTERNATIONAL INC A,0.120721,15288290.0
REGN,REGENERON PHARMACEUTICALS,0.119896,1193235.0
WM,WASTE MANAGEMENT INC,0.119788,4411724.0
GM,GENERAL MOTORS CO,0.118711,10767596.0
DDOG,DATADOG INC   CLASS A,0.118667,3950620.0
SLB,SLB LTD,0.11834,17852846.0
EOG,EOG RESOURCES INC,0.117772,6360875.0
TMUS,T MOBILE US INC,0.11774,5557588.0
CDNS,CADENCE DESIGN SYS INC,0.117697,3293660.0
MSI,MOTOROLA SOLUTIONS INC,0.115943,1981693.0
UPS,UNITED PARCEL SERVICE CL B,0.113672,8915828.0
ROST,ROSS STORES INC,0.112361,3846959.0
DASH,DOORDASH INC   A,0.111902,4518885.0
SHW,SHERWIN WILLIAMS CO/THE,0.111886,2739033.0
MAR,MARRIOTT INTERNATIONAL  CL A,0.111104,2613541.0
SNPS,SYNOPSYS INC,0.110977,2287509.0
CI,THE CIGNA GROUP,0.110964,3158786.0
TGT,TARGET CORP,0.110127,5413536.0
CMI,CUMMINS INC,0.10987,1647770.0
NSC,NORFOLK SOUTHERN CORP,0.108621,2675532.0
ORLY,O REILLY AUTOMOTIVE INC,0.106921,9895832.0
CL,COLGATE PALMOLIVE CO,0.106703,9555952.0
ITW,ILLINOIS TOOL WORKS,0.106448,3126395.0
WBD,WARNER BROS DISCOVERY INC,0.106377,29595780.0
NOC,NORTHROP GRUMMAN CORP,0.106323,1594208.0
LITE,LUMENTUM HOLDINGS INC,0.105661,928994.0
MCO,MOODY S CORP,0.105469,1794083.0
ABNB,AIRBNB INC CLASS A,0.105397,4990576.0
HLT,HILTON WORLDWIDE HOLDINGS IN,0.104679,2718458.0
ECL,ECOLAB INC,0.104592,3024733.0
KKR,KKR + CO INC,0.103183,8256366.0
CTAS,CINTAS CORP,0.10206,4050652.0
FDX,FEDEX CORP,0.102051,2621270.0
HCA,HCA HEALTHCARE INC,0.10126,1854340.0
SPG,SIMON PROPERTY GROUP INC,0.100776,3872340.0
AEP,AMERICAN ELECTRIC POWER,0.100575,6497266.0
HON,HONEYWELL INTERNATIONAL INC,0.099441,3783689.0
ALL,ALLSTATE CORP,0.098674,3073879.0
BSX,BOSTON SCIENTIFIC CORP,0.098381,17748912.0
DLR,DIGITAL REALTY TRUST INC,0.097341,4150591.0
APD,AIR PRODUCTS + CHEMICALS INC,0.09687,2660034.0
MNST,MONSTER BEVERAGE CORP,0.096546,17042071.0
AON,AON PLC CLASS A,0.096103,2550455.0
URI,UNITED RENTALS INC,0.095444,747996.0
RCL,ROYAL CARIBBEAN CRUISES LTD,0.0947,2979271.0
AJG,ARTHUR J GALLAGHER + CO,0.094262,3067798.0
PCAR,PACCAR INC,0.093874,6284545.0
KMI,KINDER MORGAN INC,0.09317,23379712.0
TRGP,TARGA RESOURCES CORP,0.092995,2563042.0
NUE,NUCOR CORP,0.091776,2719580.0
TFC,TRUIST FINANCIAL CORP,0.091747,14878064.0
TEL,TE CONNECTIVITY PLC,0.091656,3485617.0
COR,CENCORA INC,0.091498,2323406.0
TDG,TRANSDIGM GROUP INC,0.091458,667810.0
OKE,ONEOK INC,0.089263,7523355.0
APO,APOLLO GLOBAL MANAGEMENT INC,0.088323,5507429.0
CRH,CRH PLC,0.088049,7979100.0
COHR,COHERENT CORP,0.088003,2336059.0
NXPI,NXP SEMICONDUCTORS NV,0.08749,3015552.0
MPWR,MONOLITHIC POWER SYSTEMS INC,0.087313,586540.0
KEYS,KEYSIGHT TECHNOLOGIES IN,0.086189,2043124.0
D,DOMINION ENERGY INC,0.085941,10502727.0
FAST,FASTENAL CO,0.085812,13709008.0
BKR,BAKER HUGHES CO,0.085307,11849134.0
DVN,DEVON ENERGY CORP,0.085119,13726751.0
MRNA,MODERNA INC,0.084855,4217693.0
FIX,COMFORT SYSTEMS USA INC,0.084051,419564.0
TER,TERADYNE INC,0.083982,1868514.0
GWW,WW GRAINGER INC,0.083346,518636.0
CTVA,CORTEVA INC,0.082883,7987226.0
SRE,SEMPRA,0.081655,7806594.0
AME,AMETEK INC,0.08163,2737083.0
O,REALTY INCOME CORP,0.081236,11135052.0
AFL,AFLAC INC,0.081178,5470022.0
F,FORD MOTOR CO,0.080961,46737712.0
CAH,CARDINAL HEALTH INC,0.080571,2796834.0
HONA,HONEYWELL AEROSPACE INC,0.080486,3783689.0
MET,METLIFE INC,0.079968,6454014.0
DAL,DELTA AIR LINES INC,0.078806,7795061.0
EW,EDWARDS LIFESCIENCES CORP,0.077237,6876383.0
STT,STATE STREET CORP,0.077006,3304856.0
PSA,PUBLIC STORAGE,0.076668,2002822.0
EBAY,EBAY INC,0.076186,5301852.0
BDX,BECTON DICKINSON AND CO,0.075961,3290389.0
AMP,AMERIPRISE FINANCIAL INC,0.074558,1073460.0
CIEN,CIENA CORP,0.073809,1684556.0
FITB,FIFTH THIRD BANCORP,0.073198,10795969.0
WAB,WABTEC CORP,0.071899,2026041.0
ETR,ENTERGY CORP,0.071895,5467680.0
CVNA,CARVANA CO,0.071677,8553402.0
AZO,AUTOZONE INC,0.071111,196431.0
PYPL,PAYPAL HOLDINGS INC,0.070975,10533409.0
LHX,L3HARRIS TECHNOLOGIES INC,0.070917,2224636.0
HUM,HUMANA INC,0.070174,1433861.0
ADSK,AUTODESK INC,0.070162,2521279.0
XEL,XCEL ENERGY INC,0.069867,7455287.0
VMRK,VIVMARK RESIDENTIAL,0.069721,8693657.0
ROK,ROCKWELL AUTOMATION INC,0.06934,1328606.0
VST,VISTRA CORP,0.069158,3784938.0
GRMN,GARMIN LTD,0.068359,1950562.0
IQV,IQVIA HOLDINGS INC,0.068351,1993098.0
A,AGILENT TECHNOLOGIES INC,0.067153,3374781.0
RSG,REPUBLIC SERVICES INC,0.066542,2388025.0
EXC,EXELON CORP,0.066314,12219062.0
NKE,NIKE INC  CL B,0.066291,14324419.0
OXY,OCCIDENTAL PETROLEUM CORP,0.065434,8671067.0
CMG,CHIPOTLE MEXICAN GRILL INC,0.06533,15317410.0
KDP,KEURIG DR PEPPER INC,0.064994,16247201.0
VTR,VENTAS INC,0.064818,5806242.0
CARR,CARRIER GLOBAL CORP,0.06454,9322962.0
ADM,ARCHER DANIELS MIDLAND CO,0.064523,5754872.0
WAT,WATERS CORP,0.06404,1170874.0
FERG,FERGUSON ENTERPRISES INC,0.062817,2303468.0
XYZ,BLOCK INC,0.062202,6390928.0
PRU,PRUDENTIAL FINANCIAL INC,0.062195,4143584.0
CBRE,CBRE GROUP INC   A,0.062004,3496660.0
NDAQ,NASDAQ INC,0.062004,5335159.0
WDAY,WORKDAY INC CLASS A,0.061699,2432531.0
AIG,AMERICAN INTERNATIONAL GROUP,0.060985,6331266.0
FLEX,FLEX LTD,0.060921,4390457.0
MSCI,MSCI INC,0.060794,869282.0
IDXX,IDEXX LABORATORIES INC,0.060728,942045.0
VEEV,VEEVA SYSTEMS INC CLASS A,0.060186,1792863.0
ED,CONSOLIDATED EDISON INC,0.059989,4401609.0
IBKR,INTERACTIVE BROKERS GRO CL A,0.059839,5319584.0
NTAP,NETAPP INC,0.059148,2359907.0
COIN,COINBASE GLOBAL INC  CLASS A,0.058812,2656053.0
MCHP,MICROCHIP TECHNOLOGY INC,0.058253,6462688.0
FANG,DIAMONDBACK ENERGY INC,0.058098,2317782.0
SYY,SYSCO CORP,0.057494,5710069.0
ROP,ROPER TECHNOLOGIES INC,0.057474,1204943.0
PAYX,PAYCHEX INC,0.057112,3851328.0
YUM,YUM  BRANDS INC,0.056868,3291387.0
DHI,DR HORTON INC,0.05627,3149324.0
TTWO,TAKE TWO INTERACTIVE SOFTWRE,0.055722,2078607.0
AXON,AXON ENTERPRISE INC,0.05556,962565.0
HIG,HARTFORD INSURANCE GROUP INC,0.055472,3273523.0
PEG,PUBLIC SERVICE ENTERPRISE GP,0.05376,5950679.0
UAL,UNITED AIRLINES HOLDINGS INC,0.053099,3875781.0
KR,KROGER CO,0.05238,6774298.0
KVUE,KENVUE INC,0.052149,22928102.0
WEC,WEC ENERGY GROUP INC,0.051849,3889687.0
IRM,IRON MOUNTAIN INC,0.051549,3552722.0
DXCM,DEXCOM INC,0.051397,4592502.0
ACGL,ARCH CAPITAL GROUP LTD,0.051152,4156091.0
STLD,STEEL DYNAMICS INC,0.050575,1619574.0
MTB,M + T BANK CORP,0.050384,1748783.0
RMD,RESMED INC,0.050358,1732121.0
NTRS,NORTHERN TRUST CORP,0.049762,2209613.0
KMB,KIMBERLY CLARK CORP,0.049535,3963656.0
EXPE,EXPEDIA GROUP INC,0.049515,1367166.0
EME,EMCOR GROUP INC,0.049263,530750.0
BIIB,BIOGEN INC,0.049236,1765990.0
CCI,CROWN CASTLE INC,0.049002,5221020.0
HBAN,HUNTINGTON BANCSHARES INC,0.048927,24207087.0
ODFL,OLD DOMINION FREIGHT LINE,0.048701,2185378.0
VMC,VULCAN MATERIALS CO,0.048216,1549389.0
HPQ,HP INC,0.048211,10928579.0
EQT,EQT CORP,0.047864,7468886.0
CNC,CENTENE CORP,0.047772,5593718.0
JBL,JABIL INC,0.047456,1259891.0
ZTS,ZOETIS INC,0.046527,5006191.0
MLM,MARTIN MARIETTA MATERIALS,0.045126,717069.0
PCG,P G + E CORP,0.044785,26298004.0
WTW,WILLIS TOWERS WATSON PLC,0.044646,1127921.0
EXR,EXTRA SPACE STORAGE INC,0.044639,2522653.0
CTSH,COGNIZANT TECH SOLUTIONS A,0.044572,5659236.0
GEHC,GE HEALTHCARE TECHNOLOGY,0.044561,5432643.0
AEE,AMEREN CORPORATION,0.043691,3303882.0
CFG,CITIZENS FINANCIAL GROUP,0.043313,5049723.0
HAL,HALLIBURTON CO,0.043193,9972460.0
CCL,CARNIVAL CORP LTD,0.043193,15307194.0
RJF,RAYMOND JAMES FINANCIAL INC,0.043185,2071783.0
MTD,METTLER TOLEDO INTERNATIONAL,0.043054,239833.0
CBOE,CBOE GLOBAL MARKETS INC,0.042496,1252061.0
TDY,TELEDYNE TECHNOLOGIES INC,0.04239,553262.0
DG,DOLLAR GENERAL CORP,0.041872,2632915.0
DGX,QUEST DIAGNOSTICS INC,0.04163,1321811.0
DTE,DTE ENERGY COMPANY,0.04125,2484601.0
AWK,AMERICAN WATER WORKS CO INC,0.041028,2331815.0
ATO,ATMOS ENERGY CORP,0.040881,1982307.0
ON,ON SEMICONDUCTOR,0.040682,4679814.0
LYV,LIVE NATION ENTERTAINMENT IN,0.040489,1889731.0
LH,LABCORP HOLDINGS INC,0.040248,979833.0
ARES,ARES MANAGEMENT CORP   A,0.040173,2518638.0
CPAY,CORPAY INC,0.040162,780551.0
OTIS,OTIS WORLDWIDE CORP,0.040064,4581939.0
VICI,VICI PROPERTIES INC,0.040003,13035993.0
FISV,FISERV INC,0.039956,6367712.0
CPRT,COPART INC,0.039954,10583644.0
CINF,CINCINNATI FINANCIAL CORP,0.039946,1847279.0
ES,EVERSOURCE ENERGY,0.039376,4484268.0
WST,WEST PHARMACEUTICAL SERVICES,0.039362,843601.0
IR,INGERSOLL RAND INC,0.039283,4248312.0
WSM,WILLIAMS SONOMA INC,0.039175,1405966.0
XYL,XYLEM INC,0.038872,2838403.0
DOV,DOVER CORP,0.038763,1609354.0
PPL,PPL CORP,0.038421,8984092.0
CNP,CENTERPOINT ENERGY INC,0.038324,7808684.0
SYF,SYNCHRONY FINANCIAL,0.038041,4016690.0
HSY,HERSHEY CO/THE,0.037991,1773254.0
VRSN,VERISIGN INC,0.037591,977815.0
EXPD,EXPEDITORS INTL WASH INC,0.037587,1561840.0
Q,QNITY ELECTRONICS INC,0.037244,2498260.0
FFIV,F5 INC,0.037216,672772.0
RF,REGIONS FINANCIAL CORP,0.036941,10190935.0
SW,SMURFIT WESTROCK PLC,0.036279,6267262.0
FE,FIRSTENERGY CORP,0.036184,6216782.0
ULTA,ULTA BEAUTY INC,0.035994,520103.0
DRI,DARDEN RESTAURANTS INC,0.035986,1367607.0
PPG,PPG INDUSTRIES INC,0.035723,2661644.0
TPR,TAPESTRY INC,0.035691,2416554.0
HUBB,HUBBELL INC,0.035604,631127.0
VLTO,VERALTO CORP,0.035553,2932656.0
EL,ESTEE LAUDER COMPANIES CL A,0.035165,2943626.0
VRSK,VERISK ANALYTICS INC,0.035144,1564605.0
PFG,PRINCIPAL FINANCIAL GROUP,0.034626,2346444.0
SMCI,SUPER MICRO COMPUTER INC,0.034511,6719919.0
PHM,PULTEGROUP INC,0.034404,2274515.0
CASY,CASEY S GENERAL STORES INC,0.034188,442187.0
CHD,CHURCH + DWIGHT CO INC,0.034141,2822128.0
NRG,NRG ENERGY INC,0.034064,2519356.0
FICO,FAIR ISAAC CORP,0.034043,276800.0
OMC,OMNICOM GROUP,0.0337,3403269.0
TROW,T ROWE PRICE GROUP INC,0.03349,2558596.0
IFF,INTL FLAVORS + FRAGRANCES,0.032871,3056025.0
FSLR,FIRST SOLAR INC,0.032826,1282090.0
EIX,EDISON INTERNATIONAL,0.032458,4594966.0
INCY,INCYTE CORP,0.032319,1989718.0
KHC,KRAFT HEINZ CO/THE,0.032194,10228213.0
DOW,DOW INC,0.03219,8576126.0
EXE,EXPAND ENERGY CORP,0.032141,2858880.0
PKG,PACKAGING CORP OF AMERICA,0.031698,1057205.0
DLTR,DOLLAR TREE INC,0.031487,2162501.0
WRB,WR BERKLEY CORP,0.031333,3511810.0
CF,CF INDUSTRIES HOLDINGS INC,0.031247,1834543.0
STE,STERIS PLC,0.031011,1171161.0
CMS,CMS ENERGY CORP,0.030935,3671481.0
TPL,TEXAS PACIFIC LAND CORP,0.030553,691380.0
VTRS,VIATRIS INC,0.030287,13891566.0
RDDT,REDDIT INC CL A,0.030233,1554244.0
GPN,GLOBAL PAYMENTS INC,0.03018,2776554.0
LUV,SOUTHWEST AIRLINES CO,0.029958,5834834.0
GIS,GENERAL MILLS INC,0.029735,6372778.0
NI,NISOURCE INC,0.029725,5708689.0
AMCR,AMCOR PLC,0.029568,5481550.0
KEY,KEYCORP,0.029345,11005014.0
SNA,SNAP ON INC,0.029258,618579.0
SBAC,SBA COMMUNICATIONS CORP,0.029195,1266370.0
EFX,EQUIFAX INC,0.029167,1421859.0
CDW,CDW CORP/DE,0.028969,1525508.0
BR,BROADRIDGE FINANCIAL SOLUTIO,0.028882,1381066.0
BRO,BROWN + BROWN INC,0.02885,3480810.0
FIS,FIDELITY NATIONAL INFO SERV,0.028622,6172792.0
IP,INTERNATIONAL PAPER CO,0.028547,6309164.0
EVRG,EVERGY INC,0.02833,2753429.0
BBY,BEST BUY CO INC,0.028265,2348487.0
L,LOEWS CORP,0.02779,2014926.0
ZBH,ZIMMER BIOMET HOLDINGS INC,0.027712,2310154.0
CHRW,C.H. ROBINSON WORLDWIDE INC,0.027556,1407487.0
GPC,GENUINE PARTS CO,0.027377,1643471.0
JBHT,HUNT (JB) TRANSPRT SVCS INC,0.026799,889169.0
DD,DUPONT DE NEMOURS INC,0.02648,1619556.0
ESS,ESSEX PROPERTY TRUST INC,0.026442,767182.0
TSCO,TRACTOR SUPPLY COMPANY,0.026161,6262644.0
LEN,LENNAR CORP A,0.026074,2570394.0
LNT,ALLIANT ENERGY CORP,0.026008,3066350.0
STZ,CONSTELLATION BRANDS INC A,0.025955,1665357.0
J,JACOBS SOLUTIONS INC,0.025869,1409898.0
FTV,FORTIVE CORP,0.025518,3640587.0
NVR,NVR INC,0.025344,31899.0
LYB,LYONDELLBASELL INDU CL A,0.025308,3094833.0
ZBRA,ZEBRA TECHNOLOGIES CORP CL A,0.025185,568906.0
GEN,GEN DIGITAL INC,0.025165,6544695.0
NDSN,NORDSON CORP,0.025112,632899.0
LDOS,LEIDOS HOLDINGS INC,0.025037,1502073.0
IEX,IDEX CORP,0.02496,883818.0
RVTY,REVVITY INC,0.024881,1332285.0
BG,BUNGE GLOBAL SA,0.024704,1626825.0
BALL,BALL CORP,0.024582,3179229.0
APA,APA CORP,0.024422,4220910.0
AKAM,AKAMAI TECHNOLOGIES INC,0.02366,1736043.0
PTC,PTC INC,0.023602,1379334.0
WY,WEYERHAEUSER CO,0.023555,8544337.0
CHTR,CHARTER COMMUNICATIONS INC A,0.023138,1363038.0
KIM,KIMCO REALTY CORP,0.023136,8053833.0
EG,EVEREST GROUP LTD,0.022863,472559.0
INVH,INVITATION HOMES INC,0.022554,6526887.0
TSN,TYSON FOODS INC CL A,0.02241,3369187.0
TYL,TYLER TECHNOLOGIES INC,0.021885,503400.0
DOC,HEALTHPEAK PROPERTIES INC,0.021567,8265747.0
MAA,MID AMERICA APARTMENT COMM,0.021431,1389619.0
AIZ,ASSURANT INC,0.021377,591793.0
TXT,TEXTRON INC,0.021335,2071788.0
HST,HOST HOTELS + RESORTS INC,0.0212,7605849.0
SWK,STANLEY BLACK + DECKER INC,0.021056,1856302.0
MAS,MASCO CORP,0.02099,2417011.0
SWKS,SKYWORKS SOLUTIONS INC,0.020874,1795950.0
CRL,CHARLES RIVER LABORATORIES,0.02062,575166.0
ALB,ALBEMARLE CORP,0.020595,1406451.0
IVZ,INVESCO LTD,0.020406,5305269.0
GL,GLOBE LIFE INC,0.020329,927202.0
TRMB,TRIMBLE INC,0.020312,2783618.0
FDXF,FEDEX FREIGHT HOLDING CO,0.020155,1294090.0
SJM,JM SMUCKER CO/THE,0.02006,1273613.0
AVY,AVERY DENNISON CORP,0.019888,913303.0
ALLE,ALLEGION PLC,0.019833,1014259.0
GDDY,GODADDY INC   CLASS A,0.019753,1581223.0
FOXA,FOX CORP   CLASS A,0.019706,2382658.0
RL,RALPH LAUREN CORP,0.019627,462969.0
SOLV,SOLVENTUM CORP,0.019581,1757653.0
ECHO,ECHOSTAR CORP A,0.019314,1612935.0
MKC,MCCORMICK + CO NON VTG SHRS,0.019246,3042505.0
IT,GARTNER INC,0.019112,799557.0
LVS,LAS VEGAS SANDS CORP,0.018431,3560591.0
GNRC,GENERAC HOLDINGS INC,0.018366,696325.0
REG,REGENCY CENTERS CORP,0.018316,1968065.0
CSGP,COSTAR GROUP INC,0.018185,4877087.0
BAX,BAXTER INTERNATIONAL INC,0.018155,6196476.0
TKO,TKO GROUP HOLDINGS INC,0.018115,751847.0
HAS,HASBRO INC,0.017991,1592551.0
PNW,PINNACLE WEST CAPITAL,0.017618,1448099.0
LII,LENNOX INTERNATIONAL INC,0.017278,378040.0
TECH,BIO TECHNE CORP,0.01726,1872750.0
DECK,DECKERS OUTDOOR CORP,0.017135,1688977.0
JKHY,JACK HENRY + ASSOCIATES INC,0.016867,848345.0
NWSA,NEWS CORP   CLASS A,0.016737,4357224.0
HII,HUNTINGTON INGALLS INDUSTRIE,0.016516,468216.0
AES,AES CORP,0.016096,8515956.0
COO,COOPER COS INC/THE,0.015943,2329382.0
LULU,LULULEMON ATHLETICA INC,0.015819,1250504.0
CLX,CLOROX COMPANY,0.015708,1451935.0
FDS,FACTSET RESEARCH SYSTEMS INC,0.015439,435017.0
CPT,CAMDEN PROPERTY TRUST,0.015418,1200233.0
BEN,FRANKLIN TEMPLETON INC,0.015413,3661849.0
UDR,UDR INC,0.015373,3530595.0
ALGN,ALIGN TECHNOLOGY INC,0.014987,786505.0
PODD,INSULET CORP,0.014901,827098.0
ROL,ROLLINS INC,0.014732,3507448.0
UHS,UNIVERSAL HEALTH SERVICES B,0.014641,636402.0
BXP,BXP INC,0.014359,1764656.0
APTV,APTIV PLC,0.014047,2530073.0
DPZ,DOMINO S PIZZA INC,0.013846,365487.0
PNR,PENTAIR PLC,0.013686,1929856.0
FRT,FEDERAL REALTY INVS TRUST,0.013397,941794.0
ARE,ALEXANDRIA REAL ESTATE EQUIT,0.013379,1865808.0
HSIC,HENRY SCHEIN INC,0.012514,1156207.0
FOX,FOX CORP   CLASS B,0.012424,1670603.0
MOS,MOSAIC CO/THE,0.012356,3823662.0
MGM,MGM RESORTS INTERNATIONAL,0.011041,2264399.0
WYNN,WYNN RESORTS LTD,0.010568,1000893.0
NCLH,NORWEGIAN CRUISE LINE HOLDIN,0.010112,5521210.0
AOS,SMITH (A.O.) CORP,0.009684,1336460.0
TAP,MOLSON COORS BEVERAGE CO   B,0.009529,1915744.0
BLDR,BUILDERS FIRSTSOURCE INC,0.009429,1284324.0
ERIE,ERIE INDEMNITY COMPANY CL A,0.009427,303065.0
TTD,TRADE DESK INC/THE  CLASS A,0.009254,5098842.0
HRL,HORMEL FOODS CORP,0.009202,3482714.0
DVA,DAVITA INC,0.008934,383389.0
BF.B,BROWN FORMAN CORP CLASS B,0.006783,2011149.0
NWS,NEWS CORP   CLASS B,0.006187,1456773.0
PSKY,PARAMOUNT SKYDANCE CL B,0.005072,3752284.0
